{"cameraMode":{"drawMode":0,"name":"Shaded","section":"Shading Mode"},"sceneLighting":true,"audioPlay":false,"sceneViewState":{"showFog":true,"showMaterialUpdate":true,"showSkybox":true,"showFlares":true,"showImageEffects":true,"showParticleSystems":true},"in2DMode":false,"pivot":{"x":723.4224243164063,"y":1625.5980224609375,"z":-72.062255859375},"rotation":{"x":-0.029990851879119874,"y":0.018592730164527894,"z":0.0005582565790973604,"w":0.9993850588798523},"size":565.1757202148438,"orthographic":false}