{"cameraMode":{"drawMode":0,"name":"Shaded","section":"Shading Mode"},"sceneLighting":true,"audioPlay":false,"sceneViewState":{"showFog":true,"showMaterialUpdate":false,"showSkybox":true,"showFlares":true,"showImageEffects":true,"showParticleSystems":true},"in2DMode":false,"pivot":{"x":-0.03104340471327305,"y":-0.22807028889656068,"z":0.5768585801124573},"rotation":{"x":0.2580339014530182,"y":0.010144451633095742,"z":-0.0027078473940491678,"w":0.9660868048667908},"size":0.8547655940055847,"orthographic":false}